ipo_name,listing_date,listing_year,listing_month,issue_price,issue_amount_cr,lot_size,pe_ratio,qib_x,nii_x,retail_x,total_x,gmp,gmp_percent,issue_category,listing_gain_pct,is_mainboard
Powerica,2026-04-02,2026,4,395,1100.0,37.0,24.45,4.74,0.47,0.16,1.53,7.0,1.77,IPO,-1.27,1
Central Mine Planning,2026-03-30,2026,3,172,1841.45,80.0,18.41,3.48,0.35,0.35,1.05,5.0,2.91,IPO,-10.43,1
GSP Crop Science,2026-03-24,2026,3,320,400.0,46.0,15.34,2.66,3.14,0.42,1.64,2.0,0.62,IPO,11.33,1
Innovision,2026-03-23,2026,3,519,319.25,27.0,33.8,14.3,8.6,0.6,3.46,-92.0,-17.73,IPO,-27.9,1
Rajputana Stainless,2026-03-19,2026,3,122,254.98,110.0,21.1,2.51,2.59,0.27,1.12,3.0,2.46,IPO,-7.35,1
Sedemac Mechatronics,2026-03-11,2026,3,1352,1087.35,11.0,126.91,8.46,0.77,0.2,2.68,0.0,0.0,IPO,7.33,1
Omnitech Engineering,2026-03-05,2026,3,227,583.0,66.0,54.47,3.0,0.77,0.35,1.2,0.0,0.0,IPO,-9.72,1
Shree Ram Twistex,2026-03-02,2026,3,104,110.24,144.0,38.21,3.94,220.3,76.63,43.66,-28.0,-26.92,IPO,-31.35,1
Gaudium IVF,2026-02-27,2026,2,79,165.0,189.0,25.36,1.62,14.05,7.6,7.27,0.0,0.0,IPO,1.59,1
Aye Finance,2026-02-16,2026,2,129,1010.0,116.0,14.11,1.62,0.05,0.81,1.04,-2.0,-1.55,IPO,-0.07,1
Fractal Analytics,2026-02-16,2026,2,900,2833.9,16.0,65.5,4.41,1.11,1.1,2.81,-28.0,-3.11,IPO,-5.87,1
Shadowfax Technologies,2026-01-28,2026,1,124,1907.27,120.0,1017.96,4.0,0.88,2.43,2.86,-3.5,-2.82,IPO,-11.31,1
Amagi Media Labs,2026-01-21,2026,1,361,1788.62,41.0,-101.78,33.13,38.26,9.54,30.24,-1.0,-0.28,IPO,-3.53,1
Bharat Coking Coal,2026-01-19,2026,1,23,1068.78,600.0,8.64,310.81,240.49,49.37,143.85,18.5,80.43,IPO,76.43,1
Modern Diagnostic & Research Centre Ltd.,2026-01-07,2026,1,90,35.04,0.0,,78.84,702.57,337.84,263.37,0.0,0.0,,5.54,0
E to E Transportation Infrastructure Ltd.,2026-01-02,2026,1,174,79.97,0.0,,95.34,871.56,541.83,368.17,0.0,0.0,,88.39,0
Apollo Techno Industries Ltd.,2025-12-31,2025,12,130,45.55,0.0,,11.12,98.46,48.13,37.2,0.0,0.0,,16.88,0
Bai Kakaji Polymers Ltd.,2025-12-31,2025,12,186,99.9,0.0,,3.85,7.92,3.85,4.46,0.0,0.0,,1.18,0
Admach Systems Ltd.,2025-12-31,2025,12,239,40.47,0.0,,1.57,7.37,3.85,3.84,0.0,0.0,,-16.0,0
Nanta Tech Ltd.,2025-12-31,2025,12,220,29.91,0.0,,5.93,7.11,3.09,5.08,0.0,0.0,,11.68,0
Dhara Rail Projects Ltd.,2025-12-31,2025,12,126,47.63,0.0,,29.34,199.47,96.91,78.53,0.0,0.0,,25.0,0
Sundrex Oil Co.Ltd.,2025-12-30,2025,12,86,30.62,0.0,,1.0,0.69,1.86,1.38,0.0,0.0,,-23.95,0
Shyam Dhani Industries Ltd.,2025-12-30,2025,12,70,36.53,0.0,,103.34,1619.12,1126.37,690.06,0.0,0.0,,99.5,0
Gujarat Kidney & Super Speciality Ltd.,2025-12-30,2025,12,114,250.8,0.0,,1.18,4.73,18.31,3.42,0.0,0.0,,-8.3,1
Dachepalli Publishers Ltd.,2025-12-30,2025,12,102,38.36,0.0,,1.18,3.07,1.87,1.7,0.0,0.0,,-22.4,0
EPW India Ltd.,2025-12-30,2025,12,97,30.22,0.0,,1.07,1.53,1.28,1.21,0.0,0.0,,20.15,0
MARC Technocrats Ltd.,2025-12-24,2025,12,93,40.37,0.0,,8.67,8.71,10.69,9.69,0.0,0.0,,-23.98,0
Global Ocean Logistics India Ltd.,2025-12-24,2025,12,78,28.89,0.0,,2.74,29.47,11.67,9.89,0.0,0.0,,1.65,0
KSH International Ltd.,2025-12-23,2025,12,384,626.35,0.0,,1.17,0.45,0.93,0.98,0.0,0.0,,-7.55,1
Neptune Logitek Ltd.,2025-12-22,2025,12,126,44.29,0.0,,,0.33,2.86,1.59,0.0,0.0,,-23.97,0
Ashwini Container Movers Ltd.,2025-12-19,2025,12,142,67.45,0.0,,1.23,3.5,1.13,1.54,0.0,0.0,,-1.34,0
ICICI Prudential Asset Management Co.Ltd.,2025-12-19,2025,12,2165,10602.65,0.0,,50.39,21.0,2.42,28.19,0.0,0.0,,19.44,1
Exim Routes Ltd.,2025-12-19,2025,12,88,41.54,0.0,,8.25,21.59,9.89,10.83,0.0,0.0,,31.25,0
Stanbik Agro Ltd.,2025-12-19,2025,12,30,11.65,0.0,,,1.29,1.68,1.48,0.0,0.0,,11.1,0
HRS Aluglaze Ltd.,2025-12-18,2025,12,96,48.28,0.0,,11.71,82.29,48.82,35.49,0.0,0.0,,37.81,0
Pajson Agro India Ltd.,2025-12-18,2025,12,118,70.23,0.0,,5.19,6.85,3.79,4.95,0.0,0.0,,10.34,0
Shipwaves Online Ltd.,2025-12-17,2025,12,12,53.53,0.0,,,0.37,2.94,1.65,0.0,0.0,,-5.0,0
Park Medi World Ltd.,2025-12-17,2025,12,162,920.0,0.0,,5.58,15.51,3.24,6.25,0.0,0.0,,-8.67,1
Nephrocare Health Services Ltd.,2025-12-17,2025,12,460,871.05,0.0,,11.29,24.73,2.29,10.12,0.0,0.0,,2.45,1
Unisem Agritech Ltd.,2025-12-17,2025,12,65,20.36,0.0,,1.61,1.78,2.2,1.84,0.0,0.0,,-5.0,0
Riddhi Display Equipments Ltd.,2025-12-15,2025,12,100,23.45,0.0,,2.19,1.93,7.88,4.89,0.0,0.0,,-24.0,0
Corona Remedies Ltd.,2025-12-15,2025,12,1062,655.37,0.0,,117.52,219.49,29.29,101.01,0.0,0.0,,35.44,1
Wakefit Innovations Ltd.,2025-12-15,2025,12,195,1288.89,0.0,,1.82,1.02,3.07,1.82,0.0,0.0,,-1.39,1
Prodocs Solutions Ltd.,2025-12-15,2025,12,138,26.22,0.0,,1.24,4.61,2.36,2.17,0.0,0.0,,9.57,0
K.V.Toys India Ltd.,2025-12-15,2025,12,239,37.74,0.0,,78.44,506.12,371.82,247.16,0.0,0.0,,40.59,0
Flywings Simulator Training Centre Ltd.,2025-12-12,2025,12,191,54.19,0.0,,1.23,3.46,0.95,1.47,0.0,0.0,,7.2,0
Encompass Design India Ltd.,2025-12-12,2025,12,107,38.2,0.0,,1.16,4.6,1.68,1.86,0.0,0.0,,80.51,0
Methodhub Software Ltd.,2025-12-12,2025,12,194,97.35,0.0,,12.49,47.84,21.96,21.11,0.0,0.0,,-16.03,0
Western Overseas Study Abroad Ltd.,2025-12-11,2025,12,56,9.56,0.0,,,0.39,2.39,1.39,0.0,0.0,,-6.86,0
Luxury Time Ltd.,2025-12-11,2025,12,82,16.98,0.0,,80.16,687.93,853.02,443.97,0.0,0.0,,99.5,0
Vidya Wires Ltd.,2025-12-10,2025,12,52,300.01,0.0,,2.74,55.65,29.35,19.99,0.0,0.0,,2.25,1
Aequs Ltd.,2025-12-10,2025,12,124,921.81,0.0,,49.72,82.97,78.08,57.41,0.0,0.0,,22.01,1
Meesho Ltd.,2025-12-10,2025,12,111,5421.2,0.0,,49.97,39.29,19.12,45.28,0.0,0.0,,53.23,1
Shri Kanha Stainless Ltd.,2025-12-10,2025,12,90,43.95,0.0,,,0.61,4.88,2.75,0.0,0.0,,-7.11,0
Neochem Bio Solutions Ltd.,2025-12-09,2025,12,98,42.69,0.0,,9.6,20.78,9.36,11.2,0.0,0.0,,14.08,0
Helloji Holidays Ltd.,2025-12-09,2025,12,118,10.41,0.0,,14.5,39.97,22.83,21.27,0.0,0.0,,5.0,0
Ravelcare Ltd.,2025-12-08,2025,12,130,22.88,0.0,,63.3,752.92,456.3,305.19,0.0,0.0,,46.88,0
Clear Secured Services Ltd.,2025-12-08,2025,12,132,81.31,0.0,,4.59,12.52,6.57,6.47,0.0,0.0,,-14.36,0
Speb Adhesives Ltd.,2025-12-08,2025,12,56,30.72,0.0,,1.7,4.06,1.71,2.06,0.0,0.0,,1.79,0
Invicta Diagnostic Ltd.,2025-12-08,2025,12,85,26.71,0.0,,2.01,6.94,3.38,3.41,0.0,0.0,,13.76,0
Astron Multigrain Ltd.,2025-12-08,2025,12,63,17.46,0.0,,,0.5,1.93,1.22,0.0,0.0,,-24.0,0
Purple Wave Infocom Ltd.,2025-12-05,2025,12,126,29.84,0.0,,5.68,7.66,3.77,5.29,0.0,0.0,,3.57,0
Logiciel Solutions Ltd.,2025-12-05,2025,12,193,37.9,0.0,,1.31,0.72,3.35,2.0,0.0,0.0,,-23.99,0
Exato Technologies Ltd.,2025-12-05,2025,12,140,35.57,0.0,,130.52,1494.55,1048.02,656.94,0.0,0.0,,99.5,0
K K Silk Mills Ltd.,2025-12-03,2025,12,38,27.08,0.0,,5.71,1.6,9.45,5.53,0.0,0.0,,-20.0,0
Mother Nutri Foods Ltd.,2025-12-03,2025,12,117,36.74,0.0,,4.65,34.4,11.18,11.4,0.0,0.0,,6.24,0
SSMD Agrotech India Ltd.,2025-12-02,2025,12,121,32.2,0.0,,5.33,0.61,2.24,1.46,0.0,0.0,,-36.65,0
Sudeep Pharma Ltd.,2025-11-28,2025,11,593,895.0,0.0,,85.68,116.18,15.14,65.56,0.0,0.0,,30.55,1
Excelsoft Technologies Ltd.,2025-11-26,2025,11,120,500.0,0.0,,20.52,106.72,16.01,31.87,0.0,0.0,,4.97,1
Gallard Steel Ltd.,2025-11-26,2025,11,150,35.63,0.0,,92.55,625.79,348.42,263.01,0.0,0.0,,56.17,0
Capillary Technologies India Ltd.,2025-11-21,2025,11,577,877.5,0.0,,23.44,69.49,15.4,29.48,0.0,0.0,,5.11,1
Fujiyama Power Systems Ltd.,2025-11-20,2025,11,228,828.0,0.0,,2.72,0.88,1.01,1.84,0.0,0.0,,-8.58,1
Tenneco Clean Air India Ltd.,2025-11-19,2025,11,397,3600.0,0.0,,70.45,42.65,5.26,43.47,0.0,0.0,,23.63,1
Mahamaya Lifesciences Ltd.,2025-11-18,2025,11,114,66.91,0.0,,1.17,3.63,1.01,1.48,0.0,0.0,,1.75,0
PhysicsWallah Ltd.,2025-11-18,2025,11,109,3480.0,0.0,,1.75,0.5,1.06,1.49,0.0,0.0,,42.42,1
Workmates Core2Cloud Solution Ltd.,2025-11-18,2025,11,204,66.34,0.0,,60.79,203.37,111.14,99.91,0.0,0.0,,80.51,0
Emmvee Photovoltaic Power Ltd.,2025-11-18,2025,11,217,2900.0,0.0,,1.15,0.3,1.11,1.02,0.0,0.0,,1.11,1
Shining Tools Ltd.,2025-11-14,2025,11,114,16.24,0.0,,,0.4,1.85,1.13,0.0,0.0,,-13.33,0
Curis Lifesciences Ltd.,2025-11-14,2025,11,128,26.14,0.0,,39.6,115.05,44.02,52.57,0.0,0.0,,10.16,0
Pine Labs Ltd.,2025-11-14,2025,11,221,3900.17,0.0,,2.2,0.29,1.2,1.81,0.0,0.0,,13.52,1
Finbud Financial Services Ltd.,2025-11-13,2025,11,142,68.09,0.0,,2.68,8.37,2.88,3.6,0.0,0.0,,16.09,0
Billionbrains Garage Ventures Ltd.,2025-11-12,2025,11,100,6632.3,0.0,,9.41,14.1,9.17,10.09,0.0,0.0,,31.33,1
Shreeji Global FMCG Ltd.,2025-11-12,2025,11,125,80.75,0.0,,1.25,5.06,2.89,2.85,0.0,0.0,,-18.64,0
Lenskart Solutions Ltd.,2025-11-10,2025,11,402,7278.02,0.0,,16.74,18.28,7.48,16.01,0.0,0.0,,0.27,1
Studds Accessories Ltd.,2025-11-07,2025,11,585,455.49,0.0,,64.55,76.66,21.55,51.31,0.0,0.0,,-4.22,1
Safecure Services Ltd.,2025-11-06,2025,11,102,29.07,0.0,,,0.33,3.28,1.81,0.0,0.0,,-23.97,0
Orkla India Ltd.,2025-11-06,2025,11,730,1667.54,0.0,,47.55,54.25,6.8,34.25,0.0,0.0,,-2.24,1
Game Changers Texfab Ltd.,2025-11-04,2025,11,102,52.08,0.0,,1.04,1.47,1.14,1.14,0.0,0.0,,7.21,0
Jayesh Logistics Ltd.,2025-11-03,2025,11,122,27.17,0.0,,21.22,138.6,51.03,49.32,0.0,0.0,,-3.44,0
Midwest Ltd.,2025-10-24,2025,10,1065,451.1,0.0,,59.13,175.57,24.56,64.34,0.0,0.0,,7.09,1
Shlokka Dyes Ltd.,2025-10-17,2025,10,91,54.84,0.0,,1.02,2.21,0.63,1.09,0.0,0.0,,-6.04,0
SK Minerals & Additives Ltd.,2025-10-17,2025,10,127,39.09,0.0,,1.03,7.14,3.36,2.76,0.0,0.0,,19.88,0
Canara HSBC Life Insurance Co.Ltd.,2025-10-17,2025,10,106,2517.5,0.0,,3.44,0.32,0.4,1.9,0.0,0.0,,5.11,1
Sihora Industries Ltd.,2025-10-17,2025,10,66,10.03,0.0,,,1.21,1.38,1.29,0.0,0.0,,0.76,0
Rubicon Research Ltd.,2025-10-16,2025,10,485,1377.68,0.0,,55.39,101.82,36.48,60.38,0.0,0.0,,29.53,1
Canara Robeco Asset Management Co.Ltd.,2025-10-16,2025,10,266,1326.13,0.0,,10.96,6.4,1.86,7.09,0.0,0.0,,12.95,1
LG Electronics India Ltd.,2025-10-14,2025,10,1140,11607.01,0.0,,67.21,22.08,3.39,38.03,0.0,0.0,,48.24,1
Mittal Sections Ltd.,2025-10-14,2025,10,143,50.26,0.0,,1.13,0.55,3.98,2.21,0.0,0.0,,-23.99,0
Tata Capital Ltd.,2025-10-13,2025,10,326,15511.87,0.0,,1.98,1.95,1.06,1.65,0.0,0.0,,1.38,1
WeWork India Management Ltd.,2025-10-10,2025,10,648,3000.0,0.0,,1.33,0.23,0.57,1.09,0.0,0.0,,-2.99,1
NSB BPO Solutions Ltd.,2025-10-10,2025,10,121,60.92,0.0,,25.49,0.79,0.2,1.0,0.0,0.0,,0.25,0
DSM Fresh Foods Ltd.,2025-10-09,2025,10,100,55.75,0.0,,1.42,1.67,0.93,1.29,0.0,0.0,,26.0,0
Greenleaf Envirotech Ltd.,2025-10-09,2025,10,136,20.75,0.0,,,4.16,3.51,3.82,0.0,0.0,,-2.28,0
Valplast Technologies Ltd.,2025-10-08,2025,10,54,26.58,0.0,,1.33,0.73,1.48,1.29,0.0,0.0,,8.57,0
B.A.G.Convergence Ltd.,2025-10-08,2025,10,87,46.28,0.0,,1.17,2.59,0.82,1.27,0.0,0.0,,21.9,0
Chiraharit Ltd.,2025-10-08,2025,10,21,29.51,0.0,,,0.73,3.02,1.88,0.0,0.0,,-24.0,0
Zelio E-Mobility Ltd.,2025-10-08,2025,10,136,74.34,0.0,,1.36,1.52,1.31,1.37,0.0,0.0,,19.56,0
Advance Agrolife Ltd.,2025-10-08,2025,10,100,192.86,0.0,,11.59,174.55,22.17,39.68,0.0,0.0,,8.3,1
Sheel Biotech Ltd.,2025-10-08,2025,10,63,32.31,0.0,,8.74,25.89,9.5,11.59,0.0,0.0,,51.67,0
Infinity Infoway Ltd.,2025-10-08,2025,10,155,23.19,0.0,,63.76,549.36,300.51,201.16,0.0,0.0,,99.48,0
Om Freight Forwarders Ltd.,2025-10-08,2025,10,135,122.31,0.0,,2.91,7.38,2.77,3.58,0.0,0.0,,-36.61,1
Munish Forge Ltd.,2025-10-08,2025,10,96,70.23,0.0,,2.22,4.87,2.64,2.77,0.0,0.0,,14.84,0
Sunsky Logistics Ltd.,2025-10-08,2025,10,46,15.98,0.0,,,2.01,0.92,1.46,0.0,0.0,,16.41,0
Glottis Ltd.,2025-10-07,2025,10,129,307.0,0.0,,1.54,3.06,1.43,1.95,0.0,0.0,,-35.12,1
Sodhani Capital Ltd.,2025-10-07,2025,10,51,10.17,0.0,,,4.73,4.75,4.74,0.0,0.0,,64.71,0
Vijaypd Ceutical Ltd.,2025-10-07,2025,10,35,18.26,0.0,,,1.86,0.88,1.37,0.0,0.0,,2.57,0
Om Metallogic Ltd.,2025-10-07,2025,10,86,21.22,0.0,,,0.43,2.58,1.5,0.0,0.0,,-1.16,0
Suba Hotels Ltd.,2025-10-07,2025,10,111,71.69,0.0,,9.34,22.42,9.02,11.2,0.0,0.0,,45.86,0
Dhillon Freight Carrier Ltd.,2025-10-07,2025,10,72,9.57,0.0,,,0.99,4.81,2.9,0.0,0.0,,-24.0,0
Fabtech Technologies Ltd.,2025-10-07,2025,10,191,230.3,0.0,,2.02,1.95,2.04,2.01,0.0,0.0,,-4.5,1
KVS Castings Ltd.,2025-10-06,2025,10,56,26.41,0.0,,3.31,5.1,2.62,3.34,0.0,0.0,,24.3,0
Rukmani Devi Garg Agro Impex Ltd.,2025-10-06,2025,10,99,22.33,0.0,,8.23,77.2,39.72,29.6,0.0,0.0,,-22.09,0
M P K Steels (I) Ltd.,2025-10-06,2025,10,79,24.45,0.0,,19.95,0.64,0.57,1.53,0.0,0.0,,5.7,0
Ameenji Rubber Ltd.,2025-10-06,2025,10,100,28.46,0.0,,2.51,2.12,1.06,1.94,0.0,0.0,,6.05,0
Pace Digitek Ltd.,2025-10-06,2025,10,219,819.15,0.0,,1.29,2.94,1.05,1.45,0.0,0.0,,-0.46,1
Manas Polymers & Energies Ltd.,2025-10-06,2025,10,81,22.33,0.0,,6.66,1.77,0.19,1.23,0.0,0.0,,80.49,0
Bhavik Enterprises Ltd.,2025-10-06,2025,10,140,73.08,0.0,,,1.46,0.68,1.07,0.0,0.0,,3.79,0
Chatterbox Technologies Ltd.,2025-10-03,2025,10,115,40.71,0.0,,16.47,80.85,47.51,37.04,0.0,0.0,,12.17,0
Trualt Bioenergy Ltd.,2025-10-03,2025,10,496,839.28,0.0,,66.53,102.95,11.37,52.69,0.0,0.0,,7.05,1
Gujarat Peanut & Agri Products Ltd.,2025-10-03,2025,10,80,22.62,0.0,,,8.37,7.62,8.0,0.0,0.0,,-16.0,0
Jinkushal Industries Ltd.,2025-10-03,2025,10,121,116.15,0.0,,14.64,145.9,46.64,45.54,0.0,0.0,,0.55,1
Earkart Ltd.,2025-10-03,2025,10,135,46.76,0.0,,,2.2,0.35,1.28,0.0,0.0,,5.37,0
Telge Projects Ltd.,2025-10-03,2025,10,105,25.87,0.0,,3.19,2.74,1.73,2.61,0.0,0.0,,5.19,0
Epack Prefab Technologies Ltd.,2025-10-01,2025,10,204,504.0,0.0,,2.75,3.74,1.7,2.53,0.0,0.0,,-6.54,1
Solvex Edibles Ltd.,2025-10-01,2025,10,72,17.93,0.0,,,1.31,0.73,1.02,0.0,0.0,,-10.28,0
BMW Ventures Ltd.,2025-10-01,2025,10,99,231.66,0.0,,1.89,1.08,0.96,1.0,0.0,0.0,,-25.15,1
Praruh Technologies Ltd.,2025-10-01,2025,10,63,22.31,0.0,,1.07,2.14,0.93,1.18,0.0,0.0,,1.98,0
Gurunanak Agriculture India Ltd.,2025-10-01,2025,10,75,27.36,0.0,,,0.29,3.13,1.71,0.0,0.0,,-24.0,0
Jain Resource Recycling Ltd.,2025-10-01,2025,10,232,1250.0,0.0,,11.3,5.58,3.72,9.69,0.0,0.0,,37.09,1
Justo Realfintech Ltd.,2025-10-01,2025,10,127,59.82,0.0,,3.71,6.8,2.08,3.61,0.0,0.0,,-0.2,0
Systematic Industries Ltd.,2025-10-01,2025,10,195,109.75,0.0,,4.63,7.81,3.34,4.66,0.0,0.0,,0.74,0
Anand Rathi Share & Stock Brokers Ltd.,2025-09-30,2025,9,414,745.64,0.0,,19.04,30.04,4.95,15.55,0.0,0.0,,7.62,1
Seshaasai Technologies Ltd.,2025-09-30,2025,9,423,813.28,0.0,,76.26,51.27,9.24,48.93,0.0,0.0,,-2.73,1
Jaro Institute of Technology Management & Research Ltd.,2025-09-30,2025,9,890,450.0,0.0,,15.59,37.21,9.01,16.53,0.0,0.0,,-16.38,1
Ecoline Exim Ltd.,2025-09-30,2025,9,141,72.59,0.0,,4.71,5.41,4.34,4.69,0.0,0.0,,-0.35,0
Solarworld Energy Solutions Ltd.,2025-09-30,2025,9,351,490.0,0.0,,30.27,68.02,50.69,37.97,0.0,0.0,,-7.83,1
Matrix Geo Solutions Ltd.,2025-09-30,2025,9,104,37.98,0.0,,5.87,8.8,4.4,5.8,0.0,0.0,,-4.66,0
True Colors Ltd.,2025-09-30,2025,9,191,121.54,0.0,,18.3,50.71,44.14,32.23,0.0,0.0,,-4.16,0
Aptus Pharma Ltd.,2025-09-30,2025,9,70,12.36,0.0,,1.79,28.86,31.43,16.28,0.0,0.0,,21.2,0
BharatRohan Airborne Innovations Ltd.,2025-09-30,2025,9,85,42.76,0.0,,4.06,16.0,8.46,7.46,0.0,0.0,,8.22,0
Atlanta Electricals Ltd.,2025-09-29,2025,9,754,687.85,0.0,,77.97,55.6,10.54,50.62,0.0,0.0,,9.2,1
Ganesh Consumer Products Ltd.,2025-09-29,2025,9,322,408.8,0.0,,2.39,4.31,1.13,2.23,0.0,0.0,,-8.6,1
Prime Cable Industries Ltd.,2025-09-29,2025,9,83,38.03,0.0,,4.81,9.36,6.8,6.19,0.0,0.0,,-5.66,0
GK Energy Ltd.,2025-09-26,2025,9,153,464.26,0.0,,77.69,128.29,21.34,65.56,0.0,0.0,,9.63,1
Saatvik Green Energy Ltd.,2025-09-26,2025,9,465,900.2,0.0,,5.14,10.53,2.72,5.09,0.0,0.0,,-5.23,1
Siddhi Cotspin Ltd.,2025-09-26,2025,9,108,66.36,0.0,,17.53,0.44,1.18,2.62,0.0,0.0,,-23.98,0
Ivalue Infosolutions Ltd.,2025-09-25,2025,9,299,560.29,0.0,,1.98,1.18,1.22,1.59,0.0,0.0,,-5.74,1
JD Cables Ltd.,2025-09-25,2025,9,152,91.19,0.0,,51.38,179.05,105.48,89.83,0.0,0.0,,3.88,0
VMS TMT Ltd.,2025-09-24,2025,9,99,148.5,0.0,,48.35,226.19,46.34,82.91,0.0,0.0,,0.66,1
Sampat Aluminium Ltd.,2025-09-24,2025,9,120,28.51,0.0,,35.79,296.38,161.09,118.93,0.0,0.0,,-4.04,0
Euro Pratik Sales Ltd.,2025-09-23,2025,9,247,451.31,0.0,,1.13,1.95,1.23,1.29,0.0,0.0,,0.56,1
TechD Cybersecurity Ltd.,2025-09-22,2025,9,193,37.03,0.0,,114.14,1276.78,714.51,498.91,0.0,0.0,,99.48,0
L.T.Elevator Ltd.,2025-09-19,2025,9,78,37.4,0.0,,39.17,355.61,158.32,128.39,0.0,0.0,,83.21,0
Airfloa Rail Technology Ltd.,2025-09-18,2025,9,140,86.53,0.0,,86.44,350.82,326.29,210.19,0.0,0.0,,99.5,0
Shringar House of Mangalsutra Ltd.,2025-09-17,2025,9,165,400.95,0.0,,41.17,82.36,26.66,42.24,0.0,0.0,,12.05,1
Dev Accelerator Ltd.,2025-09-17,2025,9,61,143.35,0.0,,9.05,87.49,160.88,35.82,0.0,0.0,,5.0,1
Galaxy Medicare Ltd.,2025-09-17,2025,9,54,21.19,0.0,,1.0,0.39,1.91,1.3,0.0,0.0,,-5.0,0
Jay Ambe Supermarkets Ltd.,2025-09-17,2025,9,78,17.52,0.0,,7.39,110.08,71.11,45.15,0.0,0.0,,6.35,0
Urban Co.Ltd.,2025-09-17,2025,9,103,1900.24,0.0,,59.44,77.52,40.1,60.14,0.0,0.0,,61.97,1
Taurian MPS Ltd.,2025-09-16,2025,9,171,37.41,0.0,,7.05,17.13,6.8,8.48,0.0,0.0,,28.95,0
Nilachal Carbo Metalicks Ltd.,2025-09-16,2025,9,85,53.28,0.0,,,4.58,1.09,2.84,0.0,0.0,,-16.0,0
Karbonsteel Engineering Ltd.,2025-09-16,2025,9,159,56.31,0.0,,49.46,86.42,46.72,54.06,0.0,0.0,,22.23,0
Krupalu Metals Ltd.,2025-09-16,2025,9,72,12.8,0.0,,,1.26,1.13,1.19,0.0,0.0,,-16.0,0
Vashishtha Luxury Fashion Ltd.,2025-09-15,2025,9,111,8.42,0.0,,1.27,2.47,2.14,2.17,0.0,0.0,,9.68,0
Sharvaya Metals Ltd.,2025-09-12,2025,9,196,55.86,0.0,,1.2,6.44,6.2,3.74,0.0,0.0,,6.15,0
Austere Systems Ltd.,2025-09-12,2025,9,55,14.78,0.0,,93.69,2158.67,1069.13,749.69,0.0,0.0,,44.22,0
Vigor Plast India Ltd.,2025-09-12,2025,9,81,23.85,0.0,,2.52,6.99,2.45,3.17,0.0,0.0,,5.8,0
Optivalue Tek Consulting Ltd.,2025-09-10,2025,9,84,49.19,0.0,,20.64,118.88,49.4,45.68,0.0,0.0,,22.14,0
Amanta Healthcare Ltd.,2025-09-09,2025,9,126,126.0,0.0,,14.8,209.13,53.59,57.53,0.0,0.0,,12.5,1
Goel Construction Co.Ltd.,2025-09-09,2025,9,263,95.14,0.0,,50.37,224.79,87.91,87.92,0.0,0.0,,20.76,0
Rachit Prints Ltd.,2025-09-08,2025,9,149,18.52,0.0,,1.0,0.53,2.67,1.59,0.0,0.0,,-23.99,0
Sugs Lloyd Ltd.,2025-09-05,2025,9,123,81.35,0.0,,1.43,5.29,2.08,3.07,0.0,0.0,,2.32,0
Snehaa Organics Ltd.,2025-09-05,2025,9,122,31.05,0.0,,41.93,16.19,37.25,27.48,0.0,0.0,,-5.0,0
Abril Paper Tech Ltd.,2025-09-05,2025,9,61,12.74,0.0,,,5.62,16.64,11.13,0.0,0.0,,-19.05,0
Oval Projects Engineering Ltd.,2025-09-04,2025,9,85,44.16,0.0,,3.4,0.8,0.77,1.57,0.0,0.0,,0.06,0
Anlon Healthcare Ltd.,2025-09-03,2025,9,91,121.03,0.0,,1.05,10.5,45.82,6.95,0.0,0.0,,0.8,1
Vikran Engineering Ltd.,2025-09-03,2025,9,97,772.0,0.0,,8.67,61.68,11.27,17.53,0.0,0.0,,-1.33,1
Current Infraprojects Ltd.,2025-09-03,2025,9,80,39.65,0.0,,77.36,272.91,393.44,213.37,0.0,0.0,,90.94,0
Sattva Engineering Construction Ltd.,2025-09-03,2025,9,75,33.58,0.0,,50.04,351.72,171.51,139.16,0.0,0.0,,33.13,0
Globtier Infotech Ltd.,2025-09-02,2025,9,72,29.43,0.0,,,0.64,2.02,1.33,0.0,0.0,,-24.0,0
NIS Management Ltd.,2025-09-02,2025,9,111,56.34,0.0,,1.73,8.71,0.81,2.47,0.0,0.0,,-7.57,0
Anondita Medicare Ltd.,2025-09-01,2025,9,145,65.58,0.0,,62.03,526.47,285.63,210.36,0.0,0.0,,99.48,0
Shivashrit Foods Ltd.,2025-09-01,2025,9,142,66.51,0.0,,1.39,3.61,2.32,2.05,0.0,0.0,,-0.39,0
Classic Electrodes (India) Ltd.,2025-09-01,2025,9,87,39.09,0.0,,34.91,356.77,157.44,126.22,0.0,0.0,,9.2,0
ARC Insulation & Insulators Ltd.,2025-08-29,2025,8,125,39.13,0.0,,6.83,26.5,17.2,13.42,0.0,0.0,,10.2,0
Mangal Electrical Industries Ltd.,2025-08-28,2025,8,561,400.0,0.0,,5.13,19.7,4.99,7.27,0.0,0.0,,-4.57,1
Shreeji Shipping Global Ltd.,2025-08-26,2025,8,252,410.71,0.0,,44.82,72.62,21.57,40.85,0.0,0.0,,1.23,1
Gem Aromatics Ltd.,2025-08-26,2025,8,325,451.25,0.0,,22.14,45.9,10.29,21.55,0.0,0.0,,-1.83,1
LGT Business Connextions Ltd.,2025-08-26,2025,8,107,26.68,0.0,,,0.77,2.38,1.58,0.0,0.0,,-23.97,0
Vikram Solar Ltd.,2025-08-26,2025,8,332,2079.37,0.0,,58.56,52.8,7.77,39.73,0.0,0.0,,7.35,1
Patel Retail Ltd.,2025-08-26,2025,8,255,242.66,0.0,,109.09,107.9,41.68,78.04,0.0,0.0,,12.82,1
Studio LSD Ltd.,2025-08-25,2025,8,54,70.53,0.0,,1.0,0.85,4.25,2.87,0.0,0.0,,-23.98,0
Regaal Resources Ltd.,2025-08-20,2025,8,102,306.0,0.0,,41.34,355.25,55.61,93.42,0.0,0.0,,29.0,1
Mahendra Realtors & Infrastructure Ltd.,2025-08-20,2025,8,85,46.97,0.0,,43.26,26.97,25.4,26.35,0.0,0.0,,-24.0,0
BlueStone Jewellery & Lifestyle Ltd.,2025-08-19,2025,8,517,1540.65,0.0,,2.3,0.56,1.32,1.94,0.0,0.0,,5.61,1
Icodex Publishing Solutions Ltd.,2025-08-19,2025,8,102,39.93,0.0,,33.04,1.18,4.59,3.72,0.0,0.0,,-23.97,0
ANB Metal Cast Ltd.,2025-08-18,2025,8,156,46.8,0.0,,1.02,2.38,2.37,1.7,0.0,0.0,,10.38,0
Medistep Healthcare Ltd.,2025-08-18,2025,8,43,15.29,0.0,,,288.67,459.37,374.09,0.0,0.0,,17.09,0
Star Imaging & Path Lab Ltd.,2025-08-18,2025,8,142,62.65,0.0,,6.03,4.37,2.27,4.41,0.0,0.0,,-4.26,0
All Time Plastics Ltd.,2025-08-14,2025,8,275,400.6,0.0,,4.76,13.9,5.23,6.28,0.0,0.0,,3.02,1
Connplex Cinemas Ltd.,2025-08-14,2025,8,177,85.74,0.0,,18.42,49.66,24.47,25.23,0.0,0.0,,5.59,0
JSW Cement Ltd.,2025-08-14,2025,8,147,3600.0,0.0,,7.3,11.56,1.84,6.03,0.0,0.0,,-0.63,1
Sawaliya Foods Products Ltd.,2025-08-14,2025,8,120,33.08,0.0,,6.97,20.1,8.76,9.6,0.0,0.0,,99.5,0
Highway Infrastructure Ltd.,2025-08-12,2025,8,70,130.0,0.0,,170.38,471.09,159.72,256.33,0.0,0.0,,72.5,1
Bhadora Industries Ltd.,2025-08-11,2025,8,103,52.8,0.0,,1.3,1.27,0.96,1.18,0.0,0.0,,2.86,0
Parth Electricals & Engineering Ltd.,2025-08-11,2025,8,170,47.18,0.0,,7.71,44.01,20.05,17.08,0.0,0.0,,7.47,0
Jyoti Global Plast Ltd.,2025-08-11,2025,8,66,33.66,0.0,,1.64,12.96,9.4,6.07,0.0,0.0,,-0.3,0
Aaradhya Disposal Industries Ltd.,2025-08-11,2025,8,116,42.85,0.0,,1.17,1.39,1.44,1.4,0.0,0.0,,0.47,0
BLT Logistics Ltd.,2025-08-11,2025,8,75,9.01,0.0,,33.05,1016.1,628.46,390.27,0.0,0.0,,27.32,0
Essex Marine Ltd.,2025-08-11,2025,8,54,21.86,0.0,,,0.88,4.91,2.89,0.0,0.0,,-24.0,0
Flysbs Aviation Ltd.,2025-08-08,2025,8,225,97.36,0.0,,78.37,563.17,282.38,222.62,0.0,0.0,,99.49,0
Cash Ur Drive Marketing Ltd.,2025-08-07,2025,8,130,57.42,0.0,,31.42,135.2,61.96,57.72,0.0,0.0,,21.12,0
Renol Polychem Ltd.,2025-08-07,2025,8,105,24.2,0.0,,4.87,6.88,6.01,5.82,0.0,0.0,,-5.0,0
Sri Lotus Developers & Realty Ltd.,2025-08-06,2025,8,150,792.0,0.0,,70.76,61.53,21.13,51.87,0.0,0.0,,30.45,1
M&B Engineering Ltd.,2025-08-06,2025,8,385,650.0,0.0,,15.98,40.18,33.54,21.3,0.0,0.0,,6.14,1
B.D.Industries (Pune) Ltd.,2025-08-06,2025,8,108,43.03,0.0,,1.11,3.65,1.29,1.55,0.0,0.0,,0.14,0
Mehul Colours Ltd.,2025-08-06,2025,8,72,20.56,0.0,,6.39,11.2,3.51,6.1,0.0,0.0,,19.49,0
Takyon Networks Ltd.,2025-08-06,2025,8,54,19.44,0.0,,5.91,37.08,19.9,15.58,0.0,0.0,,3.19,0
National Securities Depository Ltd.,2025-08-06,2025,8,800,4010.95,0.0,,42.15,34.75,7.43,28.84,0.0,0.0,,17.0,1
Laxmi India Finance Ltd.,2025-08-05,2025,8,158,254.26,0.0,,1.47,1.82,2.17,1.76,0.0,0.0,,-15.12,1
Aditya Infotech Ltd.,2025-08-05,2025,8,675,1300.0,0.0,,56.7,75.52,52.56,58.82,0.0,0.0,,60.39,1
Kaytex Fabrics Ltd.,2025-08-05,2025,8,180,66.31,0.0,,13.04,43.16,47.46,31.99,0.0,0.0,,-16.33,0
Repono Ltd.,2025-08-04,2025,8,96,25.34,0.0,,12.14,107.04,67.74,45.84,0.0,0.0,,-9.28,0
Umiya Mobile Ltd.,2025-08-04,2025,8,66,23.63,0.0,,,2.53,2.59,2.56,0.0,0.0,,4.21,0
Shanti Gold International Ltd.,2025-08-01,2025,8,199,360.11,0.0,,47.35,151.49,30.42,57.04,0.0,0.0,,15.27,1
Sellowrap Industries Ltd.,2025-08-01,2025,8,83,28.76,0.0,,8.25,118.09,70.25,46.58,0.0,0.0,,13.86,0
Shree Refrigerations Ltd.,2025-08-01,2025,8,125,111.44,0.0,,67.61,273.03,169.85,134.24,0.0,0.0,,40.32,0
Patel Chem Specialities Ltd.,2025-08-01,2025,8,84,55.83,0.0,,43.21,237.18,174.53,118.4,0.0,0.0,,24.4,0
Brigade Hotel Ventures Ltd.,2025-07-31,2025,7,90,759.6,0.0,,2.9,10.1,6.59,4.26,0.0,0.0,,-5.2,1
Indiqube Spaces Ltd.,2025-07-30,2025,7,237,700.0,0.0,,6.68,8.62,13.41,7.63,0.0,0.0,,-8.03,1
GNG Electronics Ltd.,2025-07-30,2025,7,237,460.43,0.0,,110.35,237.44,48.2,107.66,0.0,0.0,,40.67,1
TSC India Ltd.,2025-07-30,2025,7,70,24.58,0.0,,1.0,289.43,66.44,67.32,0.0,0.0,,2.0,0
Monarch Surveyors & Engineering Consultants Ltd.,2025-07-29,2025,7,250,88.58,0.0,,72.47,318.67,266.3,177.37,0.0,0.0,,60.08,0
Swastika Castal Ltd.,2025-07-28,2025,7,65,13.35,0.0,,,2.44,7.88,5.16,0.0,0.0,,2.8,0
Savy Infra & Logistics Ltd.,2025-07-28,2025,7,120,66.47,0.0,,38.19,193.85,91.36,80.17,0.0,0.0,,19.42,0
Monika Alcobev Ltd.,2025-07-23,2025,7,286,153.68,0.0,,1.62,8.87,2.91,3.16,0.0,0.0,,0.7,0
Anthem Biosciences Ltd.,2025-07-21,2025,7,570,3395.0,0.0,,77.87,43.67,5.74,47.37,0.0,0.0,,28.13,1
Spunweb Nonwoven Ltd.,2025-07-21,2025,7,96,57.89,0.0,,66.88,362.92,247.46,174.81,0.0,0.0,,65.16,0
Smartworks Coworking Spaces Ltd.,2025-07-17,2025,7,407,582.56,0.0,,10.59,23.63,3.59,10.03,0.0,0.0,,9.35,1
Asston Pharmaceuticals Ltd.,2025-07-16,2025,7,123,26.17,0.0,,34.88,348.79,171.52,130.28,0.0,0.0,,1.59,0
GLEN Industries Ltd.,2025-07-15,2025,7,97,59.79,0.0,,77.58,476.3,220.87,183.13,0.0,0.0,,57.08,0
Travel Food Services Ltd.,2025-07-14,2025,7,1100,2000.0,0.0,,3.83,1.62,0.69,2.4,0.0,0.0,,-2.29,1
Smarten Power Systems Ltd.,2025-07-14,2025,7,100,47.5,0.0,,,6.23,4.66,5.45,0.0,0.0,,51.2,0
Chemkart India Ltd.,2025-07-14,2025,7,248,75.96,0.0,,6.09,5.63,1.6,4.44,0.0,0.0,,4.62,0
Meta Infotech Ltd.,2025-07-11,2025,7,161,76.09,0.0,,60.64,305.8,120.07,117.0,0.0,0.0,,46.74,0
Happy Square Outsourcing Services Ltd.,2025-07-10,2025,7,76,22.06,0.0,,3.46,2.24,2.08,2.79,0.0,0.0,,6.38,0
Cryogenic OGS Ltd.,2025-07-10,2025,7,47,16.88,0.0,,85.66,1157.34,767.67,486.12,0.0,0.0,,99.49,0
Crizac Ltd.,2025-07-09,2025,7,245,860.0,0.0,,57.16,79.49,10.54,44.19,0.0,0.0,,25.56,1
Vandan Foods Ltd.,2025-07-07,2025,7,115,28.84,0.0,,,0.41,2.66,1.53,0.0,0.0,,3.26,0
Marc Loire Fashions Ltd.,2025-07-07,2025,7,100,19.94,0.0,,,1.57,3.46,2.52,0.0,0.0,,-24.0,0
Cedaar Textile Ltd.,2025-07-07,2025,7,140,57.85,0.0,,15.67,5.03,9.62,10.06,0.0,0.0,,-19.25,0
Pushpa Jewellers Ltd.,2025-07-07,2025,7,147,93.71,0.0,,1.13,2.15,3.75,2.2,0.0,0.0,,-20.0,0
Silky Overseas Ltd.,2025-07-07,2025,7,161,25.63,0.0,,25.77,430.1,117.43,118.63,0.0,0.0,,0.9,0
Neetu Yoshi Ltd.,2025-07-04,2025,7,75,73.14,0.0,,39.63,255.17,90.14,89.71,0.0,0.0,,47.0,0
Adcounty Media India Ltd.,2025-07-04,2025,7,85,47.83,0.0,,55.51,555.8,226.06,190.36,0.0,0.0,,60.59,0
Indogulf Cropsciences Ltd.,2025-07-03,2025,7,111,200.0,0.0,,1.95,50.72,15.33,13.5,0.0,0.0,,-0.59,1
Moving Media Entertainment Ltd.,2025-07-03,2025,7,70,32.91,0.0,,22.68,124.54,61.12,51.43,0.0,0.0,,6.5,0
Valencia India Ltd.,2025-07-03,2025,7,110,46.49,0.0,,1.28,0.98,1.04,1.05,0.0,0.0,,-24.0,0
Ace Alpha Tech Ltd.,2025-07-03,2025,7,69,30.4,0.0,,27.4,170.82,90.97,71.23,0.0,0.0,,23.26,0
PRO FX Tech Ltd.,2025-07-03,2025,7,87,38.21,0.0,,9.41,56.37,14.03,18.08,0.0,0.0,,14.66,0
Sambhv Steel Tubes Ltd.,2025-07-02,2025,7,82,540.0,0.0,,27.26,33.62,8.35,21.49,0.0,0.0,,19.01,1
HDB Financial Services Ltd.,2025-07-02,2025,7,740,12500.0,0.0,,24.05,10.24,1.43,13.07,0.0,0.0,,13.64,1
Rama Telecom Ltd.,2025-07-02,2025,7,68,23.87,0.0,,1.0,1.66,1.78,1.59,0.0,0.0,,0.59,0
Suntech Infra Solutions Ltd.,2025-07-02,2025,7,86,42.16,0.0,,49.5,529.74,150.8,157.08,0.0,0.0,,20.7,0
Supertech EV Ltd.,2025-07-02,2025,7,92,28.39,0.0,,1.0,1.7,6.79,4.09,0.0,0.0,,-24.0,0
Abram Food Ltd.,2025-07-01,2025,7,98,13.29,0.0,,,16.41,40.94,28.68,0.0,0.0,,-3.14,0
Globe Civil Projects Ltd.,2025-07-01,2025,7,71,119.0,0.0,,40.66,142.1,52.61,60.06,0.0,0.0,,33.04,1
Ellenbarrie Industrial Gases Ltd.,2025-07-01,2025,7,400,852.53,0.0,,25.92,15.54,2.14,16.04,0.0,0.0,,33.65,1
Kalpataru Ltd.,2025-07-01,2025,7,414,1590.0,0.0,,1.93,1.39,1.35,1.78,0.0,0.0,,4.58,1
Icon Facilitators Ltd.,2025-07-01,2025,7,91,18.15,0.0,,2.18,0.67,3.83,2.24,0.0,0.0,,-6.04,0
AJC Jewel Manufacturers Ltd.,2025-07-01,2025,7,95,14.59,0.0,,2.03,1.79,2.8,2.26,0.0,0.0,,0.41,0
Shri Hare-Krishna Sponge Iron Ltd.,2025-07-01,2025,7,59,28.39,0.0,,4.92,10.32,3.07,5.08,0.0,0.0,,9.41,0
Aakaar Medical Technologies Ltd.,2025-06-27,2025,6,72,25.64,0.0,,2.34,1.47,1.87,2.04,0.0,0.0,,-1.04,0
Safe Enterprises Retail Fixtures Ltd.,2025-06-27,2025,6,138,161.13,0.0,,1.0,12.42,4.46,3.93,0.0,0.0,,14.89,0
Mayasheel Ventures Ltd.,2025-06-27,2025,6,47,25.92,0.0,,39.93,713.41,102.47,162.97,0.0,0.0,,29.57,0
Arisinfra Solutions Ltd.,2025-06-25,2025,6,222,499.6,0.0,,1.2,3.07,5.98,1.96,0.0,0.0,,-21.45,1
Influx Healthtech Ltd.,2025-06-25,2025,6,96,55.63,0.0,,55.2,484.63,116.31,141.07,0.0,0.0,,31.46,0
Eppeltone Engineers Ltd.,2025-06-24,2025,6,128,41.75,0.0,,53.73,626.61,244.01,206.4,0.0,0.0,,99.49,0
Patil Automation Ltd.,2025-06-23,2025,6,120,66.1,0.0,,33.77,258.58,43.81,71.03,0.0,0.0,,35.62,0
Samay Project Services Ltd.,2025-06-23,2025,6,34,13.91,0.0,,9.96,69.09,14.92,20.91,0.0,0.0,,5.88,0
Oswal Pumps Ltd.,2025-06-20,2025,6,614,1387.34,0.0,,35.89,38.19,3.59,24.93,0.0,0.0,,1.85,1
Aten Papers & Foam Ltd.,2025-06-20,2025,6,96,30.09,0.0,,2.91,0.66,2.05,1.43,0.0,0.0,,-10.94,0
Monolithisch India Ltd.,2025-06-19,2025,6,143,77.91,0.0,,52.31,462.24,92.37,127.88,0.0,0.0,,70.0,0
Jainik Power Cables Ltd.,2025-06-17,2025,6,110,48.72,0.0,,0.53,0.52,2.01,1.19,0.0,0.0,,-24.68,0
Sacheerome Ltd.,2025-06-16,2025,6,102,58.53,0.0,,69.25,809.68,176.97,218.15,0.0,0.0,,57.4,0
Ganga Bath Fittings Ltd.,2025-06-11,2025,6,49,31.0,0.0,,2.22,0.71,2.44,1.59,0.0,0.0,,14.39,0
3B Films Ltd.,2025-06-06,2025,6,50,32.04,0.0,,,0.86,2.31,1.58,0.0,0.0,,-7.84,0
Scoda Tubes Ltd.,2025-06-04,2025,6,140,220.0,0.0,,30.23,122.2,20.23,40.52,0.0,0.0,,5.0,1
N R Vandana Tex Industries Ltd.,2025-06-04,2025,6,45,26.49,0.0,,15.18,235.03,79.55,70.81,0.0,0.0,,-2.89,0
Neptune Petrochemicals Ltd.,2025-06-04,2025,6,122,69.54,0.0,,1.0,4.44,2.22,1.95,0.0,0.0,,14.22,0
Prostarm Info Systems Ltd.,2025-06-03,2025,6,105,168.0,0.0,,41.8,222.75,38.12,67.65,0.0,0.0,,20.0,1
Blue Water Logistics Ltd.,2025-06-03,2025,6,135,38.39,0.0,,6.45,9.86,6.53,7.0,0.0,0.0,,9.67,0
Astonea Labs Ltd.,2025-06-03,2025,6,135,35.72,0.0,,1.36,5.59,1.64,2.1,0.0,0.0,,0.48,0
Nikita Papers Ltd.,2025-06-03,2025,6,104,64.15,0.0,,0.81,0.72,1.8,1.24,0.0,0.0,,-13.03,0
Aegis Vopak Terminals Ltd.,2025-06-02,2025,6,235,2800.0,0.0,,1.97,0.64,0.78,1.66,0.0,0.0,,2.98,1
Schloss Bangalore Ltd.,2025-06-02,2025,6,435,3500.0,0.0,,3.74,1.06,0.83,3.05,0.0,0.0,,0.13,1
Unified Data-Tech Solutions Ltd.,2025-05-29,2025,5,273,137.17,0.0,,21.34,213.03,42.76,49.24,0.0,0.0,,9.62,0
Belrise Industries Ltd.,2025-05-28,2025,5,90,2150.0,0.0,,0.98,40.78,4.4,8.15,0.0,0.0,,8.23,1
Dar Credit & Capital Ltd.,2025-05-28,2025,5,60,24.36,0.0,,13.11,208.23,103.44,74.07,0.0,0.0,,6.58,0
Borana Weaves Ltd.,2025-05-27,2025,5,216,144.89,0.0,,35.27,237.23,192.74,81.31,0.0,0.0,,18.13,1
Accretion Pharmaceuticals Ltd.,2025-05-21,2025,5,101,28.26,0.0,,1.02,4.22,10.29,6.47,0.0,0.0,,-17.87,0
Integrity Infrabuild Developers Ltd.,2025-05-20,2025,5,100,11.33,0.0,,,2.08,2.22,2.15,0.0,0.0,,3.5,0
Virtual Galaxy Infotech Ltd.,2025-05-19,2025,5,142,88.52,0.0,,53.11,592.06,133.6,163.65,0.0,0.0,,33.1,0
Manoj Jewellers Ltd.,2025-05-12,2025,5,54,15.38,0.0,,,1.28,0.96,1.12,0.0,0.0,,-0.43,0
Srigee DLM Ltd.,2025-05-12,2025,5,99,16.12,0.0,,55.75,1533.54,238.33,343.18,0.0,0.0,,99.49,0
Kenrik Industries Ltd.,2025-05-09,2025,5,25,8.3,0.0,,,0.2,3.59,1.9,0.0,0.0,,5.04,0
Arunaya Organics Ltd.,2025-05-07,2025,5,58,32.27,0.0,,1.0,1.17,4.25,2.37,0.0,0.0,,-45.52,0
Iware Supplychain Services Ltd.,2025-05-06,2025,5,95,25.76,0.0,,,2.68,3.25,2.97,0.0,0.0,,-14.84,0
Ather Energy Ltd.,2025-05-06,2025,5,321,2980.76,0.0,,1.3,0.68,1.76,1.26,0.0,0.0,,-5.83,1
Tankup Engineers Ltd.,2025-04-30,2025,4,140,18.55,0.0,,18.1,437.65,45.91,88.53,0.0,0.0,,31.25,0
Spinaroo Commercial Ltd.,2025-04-08,2025,4,51,9.66,0.0,,,1.84,1.17,1.5,0.0,0.0,,6.75,0
Infonative Solutions Ltd.,2025-04-08,2025,4,79,23.47,0.0,,18.57,1.61,3.61,3.94,0.0,0.0,,-24.0,0
Retaggio Industries Ltd.,2025-04-07,2025,4,25,14.09,0.0,,,1.15,2.5,1.83,0.0,0.0,,0.8,0
Identixweb Ltd.,2025-04-03,2025,4,54,15.8,0.0,,5.18,73.46,14.18,18.6,0.0,0.0,,6.94,0
Shri Ahimsa Naturals Ltd.,2025-04-02,2025,4,119,70.1,0.0,,9.11,183.01,35.15,44.42,0.0,0.0,,23.53,0
ATC Energies System Ltd.,2025-04-02,2025,4,118,60.56,0.0,,0.78,0.8,2.43,1.27,0.0,0.0,,-13.86,0
Desco Infratech Ltd.,2025-04-01,2025,4,150,29.15,0.0,,12.13,233.28,50.09,58.99,0.0,0.0,,12.0,0
Rapid Fleet Management Services Ltd.,2025-03-28,2025,3,192,35.77,0.0,,1.03,4.38,0.8,1.45,0.0,0.0,,4.64,0
Active Infrastructures Ltd.,2025-03-28,2025,3,181,73.92,0.0,,1.0,1.66,0.57,1.05,0.0,0.0,,-2.98,0
Grand Continent Hotels Ltd.,2025-03-27,2025,3,113,70.73,0.0,,1.77,1.72,1.27,1.59,0.0,0.0,,-5.09,0
Paradeep Parivahan Ltd.,2025-03-24,2025,3,98,39.01,0.0,,1.13,2.63,1.58,1.51,0.0,0.0,,-16.0,0
Divine Hira Jewellers Ltd.,2025-03-24,2025,3,90,30.24,0.0,,,1.19,6.57,3.88,0.0,0.0,,-5.0,0
Super Iron Foundry Ltd.,2025-03-19,2025,3,108,64.64,0.0,,,5.31,6.4,5.86,0.0,0.0,,-5.0,0
PDP Shipping & Projects Ltd.,2025-03-18,2025,3,135,12.02,0.0,,,0.14,1.8,1.0,0.0,0.0,,-23.81,0
NAPS Global India Ltd.,2025-03-11,2025,3,90,11.23,0.0,,,1.16,1.15,1.16,0.0,0.0,,14.0,0
Balaji Phosphates Ltd.,2025-03-07,2025,3,70,47.6,0.0,,1.19,1.31,1.03,1.16,0.0,0.0,,6.21,0
Shreenath Paper Products Ltd.,2025-03-05,2025,3,44,22.12,0.0,,,0.52,3.07,1.8,0.0,0.0,,-24.0,0
Nukleus Office Solutions Ltd.,2025-03-04,2025,3,234,23.67,0.0,,,0.87,1.68,1.28,0.0,0.0,,-16.0,0
Beezaasan Explotech Ltd.,2025-03-03,2025,3,175,56.85,0.0,,5.24,4.64,2.21,4.09,0.0,0.0,,-12.4,0
HP Telecom India Ltd.,2025-02-28,2025,2,108,32.5,0.0,,,1.97,1.85,1.91,0.0,0.0,,6.53,0
Swasth Foodtech India Ltd.,2025-02-28,2025,2,94,14.17,0.0,,,2.53,12.27,7.4,0.0,0.0,,-5.0,0
Quality Power Electrical Equipments Ltd.,2025-02-24,2025,2,425,858.7,0.0,,1.01,0.77,1.72,1.05,0.0,0.0,,-8.73,1
Royal Arc Electrodes Ltd.,2025-02-24,2025,2,120,34.16,0.0,,1.0,1.0,2.12,1.4,0.0,0.0,,1.08,0
Tejas Cargo India Ltd.,2025-02-24,2025,2,168,100.54,0.0,,1.26,1.07,1.08,1.17,0.0,0.0,,0.0,0
L.K.Mehta Polymers Ltd.,2025-02-21,2025,2,71,7.0,0.0,,,44.22,44.07,44.14,0.0,0.0,,-3.82,0
Shanmuga Hospital Ltd.,2025-02-21,2025,2,54,19.58,0.0,,,0.6,4.26,2.43,0.0,0.0,,-5.0,0
P S Raj Steels Ltd.,2025-02-19,2025,2,140,26.87,0.0,,1.08,21.36,9.95,7.17,0.0,0.0,,7.57,0
Hexaware Technologies Ltd.,2025-02-19,2025,2,708,8750.0,0.0,,4.42,0.21,0.1,2.25,0.0,0.0,,7.7,1
Voler Car Ltd.,2025-02-19,2025,2,90,25.08,0.0,,1.27,18.52,13.75,8.24,0.0,0.0,,1.61,0
Maxvolt Energy Industries Ltd.,2025-02-19,2025,2,180,51.26,0.0,,3.31,1.45,1.95,2.55,0.0,0.0,,0.5,0
Chandan Healthcare Ltd.,2025-02-17,2025,2,159,101.88,0.0,,3.95,18.86,2.52,5.48,0.0,0.0,,9.03,0
Ajax Engineering Ltd.,2025-02-17,2025,2,629,1268.93,0.0,,6.46,6.41,1.89,4.84,0.0,0.0,,-5.34,1
Eleganz Interiors Ltd.,2025-02-14,2025,2,130,74.15,0.0,,10.38,60.37,21.24,21.69,0.0,0.0,,-10.73,0
Readymix Construction Machinery Ltd.,2025-02-13,2025,2,123,35.77,0.0,,2.04,4.77,4.25,3.22,0.0,0.0,,-5.0,0
Solarium Green Energy Ltd.,2025-02-13,2025,2,191,99.56,0.0,,4.38,18.03,4.92,6.62,0.0,0.0,,10.94,0
Ken Enterprises Ltd.,2025-02-12,2025,2,94,79.47,0.0,,,4.27,4.26,4.27,0.0,0.0,,-14.1,0
Amwill Health Care Ltd.,2025-02-12,2025,2,111,56.97,0.0,,7.8,5.65,4.63,5.67,0.0,0.0,,-15.99,0
Chamunda Electrical Ltd.,2025-02-11,2025,2,50,13.77,0.0,,61.85,1946.07,540.04,512.83,0.0,0.0,,33.0,0
Malpani Pipes & Fittings Ltd.,2025-02-04,2025,2,90,24.61,0.0,,24.59,343.91,110.57,103.35,0.0,0.0,,-6.62,0
Dr.Agarwal's Health Care Ltd.,2025-02-04,2025,2,402,3027.26,0.0,,2.48,0.37,0.39,1.39,0.0,0.0,,-0.09,1
GB Logistics Commerce Ltd.,2025-01-31,2025,1,102,23.81,0.0,,11.59,540.07,120.6,129.1,0.0,0.0,,-19.85,0
H.M.Electro Mech Ltd.,2025-01-31,2025,1,75,26.35,0.0,,8.01,184.66,97.88,66.03,0.0,0.0,,2.72,0
CLN Energy Ltd.,2025-01-30,2025,1,250,68.4,0.0,,1.03,8.56,6.26,3.99,0.0,0.0,,1.66,0
Rexpro Enterprises Ltd.,2025-01-29,2025,1,145,50.95,0.0,,,17.65,17.63,17.63,0.0,0.0,,-23.34,0
Denta Water & Infra Solutions Ltd.,2025-01-29,2025,1,294,220.5,0.0,,94.71,505.15,89.36,154.4,0.0,0.0,,16.07,1
CapitalNumbers Infotech Ltd.,2025-01-27,2025,1,263,160.69,0.0,,49.58,298.3,74.28,95.54,0.0,0.0,,-0.63,0
EMA Partners India Ltd.,2025-01-24,2025,1,124,72.21,0.0,,60.04,444.33,165.92,154.8,0.0,0.0,,19.92,0
Landmark Immigration Consultants Ltd.,2025-01-23,2025,1,72,38.27,0.0,,21.49,97.04,80.8,61.05,0.0,0.0,,4.26,0
Stallion India Fluorochemicals Ltd.,2025-01-23,2025,1,90,199.45,0.0,,69.58,424.11,94.51,131.49,0.0,0.0,,40.0,1
Kabra Jewels Ltd.,2025-01-22,2025,1,128,36.29,0.0,,61.42,560.87,390.75,251.82,0.0,0.0,,99.49,0
Rikhav Securities Ltd.,2025-01-22,2025,1,86,84.31,0.0,,68.9,611.4,197.91,196.18,0.0,0.0,,99.48,0
Barflex Polyfilms Ltd.,2025-01-20,2025,1,60,37.4,0.0,,32.0,371.06,97.97,106.0,0.0,0.0,,5.0,0
Laxmi Dental Ltd.,2025-01-20,2025,1,428,698.06,0.0,,44.6,147.44,75.35,63.1,0.0,0.0,,28.63,1
Sat Kartar Shopping Ltd.,2025-01-17,2025,1,81,31.91,0.0,,51.47,810.78,262.48,239.46,0.0,0.0,,99.44,0
Avax Apparels & Ornaments Ltd.,2025-01-14,2025,1,70,1.82,0.0,,,148.71,369.15,266.41,0.0,0.0,,99.5,0
Quadrant Future Tek Ltd.,2025-01-14,2025,1,290,290.0,0.0,,56.72,265.68,256.63,108.05,0.0,0.0,,53.1,1
Delta Autocorp Ltd.,2025-01-14,2025,1,130,50.78,0.0,,72.97,622.22,310.65,238.75,0.0,0.0,,28.65,0
B.R.Goyal Infrastructure Ltd.,2025-01-14,2025,1,135,80.95,0.0,,28.63,256.73,87.27,82.87,0.0,0.0,,5.56,0
Standard Glass Lining Technology Ltd.,2025-01-13,2025,1,140,410.05,0.0,,131.6,273.52,65.72,129.83,0.0,0.0,,16.68,1
Indobell Insulations Ltd.,2025-01-13,2025,1,46,9.63,0.0,,,56.09,54.67,55.38,0.0,0.0,,99.5,0
Fabtech Technologies Cleanrooms Ltd.,2025-01-10,2025,1,85,26.34,0.0,,1.47,1473.53,725.33,476.37,0.0,0.0,,99.49,0
Davin Sons Retail Ltd.,2025-01-09,2025,1,55,8.34,0.0,,,76.86,161.52,119.19,0.0,0.0,,-16.0,0
Parmeshwar Metal Ltd.,2025-01-09,2025,1,61,23.49,0.0,,71.82,1203.92,595.46,425.12,0.0,0.0,,45.44,0
Leo Dryfruits & Spices Trading Ltd.,2025-01-08,2025,1,52,23.84,0.0,,58.55,394.45,155.15,144.49,0.0,0.0,,37.23,0
Unimech Aerospace,2024-12-31,2024,12,785,500.0,19.0,64.37,334.68,277.55,59.19,184.34,625.0,79.62,IPO,75.32,1
Ventive Hospitality,2024-12-30,2024,12,643,1600.0,23.0,-201.01,9.58,14.6,6.19,10.33,80.0,12.44,IPO,9.54,1
Carraro India,2024-12-30,2024,12,704,1250.0,21.0,63.97,2.33,0.63,0.75,1.18,0.0,0.0,IPO,-9.63,1
Transrail Lighting,2024-12-27,2024,12,432,838.91,34.0,23.15,197.41,78.31,22.62,81.98,165.0,38.19,IPO,28.14,1
Mamata Machinery,2024-12-27,2024,12,243,179.35,61.0,15.3,235.88,274.38,138.08,194.95,260.0,107.0,IPO,159.26,1
Sanathan Textiles,2024-12-27,2024,12,321,550.0,46.0,17.25,79.59,44.39,9.31,36.9,87.0,27.1,IPO,20.98,1
Concord Enviro Systems,2024-12-27,2024,12,701,500.33,21.0,30.79,17.32,14.2,5.56,10.67,138.0,19.69,IPO,17.99,1
International Gemmological Institute,2024-12-20,2024,12,417,4225.0,35.0,50.98,48.11,26.09,11.77,35.48,159.0,38.13,IPO,12.99,1
Inventurus Knowledge Solutions,2024-12-19,2024,12,1329,2497.92,11.0,61.55,80.64,23.25,14.55,52.68,421.0,31.68,IPO,47.54,1
Sai Life Sciences,2024-12-18,2024,12,549,3042.62,27.0,126.42,29.78,4.99,1.39,10.27,72.0,13.11,IPO,39.28,1
Vishal Mega Mart,2024-12-18,2024,12,78,8000.0,190.0,76.13,85.11,15.01,2.43,28.75,22.0,28.21,IPO,43.5,1
NTPC Green Energy,2024-11-27,2024,11,108,10000.0,138.0,234.97,3.51,0.85,3.59,2.55,1.0,0.93,IPO,12.64,1
Swiggy,2024-11-13,2024,11,390,11327.43,38.0,-35.23,6.02,0.41,1.14,3.59,0.0,0.0,IPO,16.92,1
Sagility India,2024-11-12,2024,11,30,2106.4,500.0,61.52,3.52,1.93,4.16,3.2,0.3,1.0,IPO,-2.27,1
Afcons Infrastructure,2024-11-04,2024,11,463,5430.0,32.0,35.08,3.99,5.31,0.99,2.77,15.0,3.24,IPO,2.42,1
Godavari Biorefineries,2024-10-30,2024,10,352,554.75,42.0,120.04,2.76,0.93,1.76,1.87,5.0,1.42,IPO,-2.5,1
Waaree Energies,2024-10-28,2024,10,1503,4321.44,9.0,30.87,215.03,65.25,11.27,79.44,1295.0,86.16,IPO,55.62,1
Diffusion Engineers,2024-10-04,2024,10,168,157.96,88.0,15.28,95.74,207.6,85.61,114.5,58.0,34.52,IPO,20.93,1
KRN Heat Exchanger,2024-10-03,2024,10,220,341.95,65.0,24.78,253.04,430.54,96.74,213.41,235.0,106.82,IPO,117.63,1
Manba Finance,2024-09-30,2024,9,120,150.84,125.0,14.39,148.55,511.62,143.95,224.05,33.0,27.5,IPO,26.88,1
Northern Arc Capital,2024-09-24,2024,9,263,777.0,57.0,11.78,242.73,147.58,32.01,117.19,131.0,49.81,IPO,22.97,1
Arkade Developers,2024-09-24,2024,9,128,410.0,110.0,16.01,172.6,172.22,53.78,113.49,63.0,49.22,IPO,29.58,1
Tolins Tyres,2024-09-16,2024,9,226,230.0,66.0,26.64,26.72,28.8,22.45,25.03,30.0,13.27,IPO,5.93,1
Bajaj Housing Finance,2024-09-16,2024,9,70,6560.0,214.0,31.62,222.05,43.98,7.41,67.43,72.0,102.86,IPO,135.71,1
Kross,2024-09-16,2024,9,240,500.0,62.0,28.93,24.55,23.4,11.26,17.66,24.5,10.21,IPO,8.25,1
Baazar Style Retail,2024-09-06,2024,9,389,834.68,38.0,125.54,81.83,59.41,9.07,40.63,33.0,8.48,IPO,2.83,1
Premier Energies,2024-09-03,2024,9,450,2830.4,33.0,82.09,212.42,50.98,7.44,75.0,487.0,108.22,IPO,86.64,1
Orient Technologies,2024-08-28,2024,8,206,214.76,72.0,17.8,188.79,310.03,68.93,154.84,95.0,46.12,IPO,46.8,1
Interarch Building Products,2024-08-26,2024,8,900,600.29,16.0,15.04,197.29,130.91,19.46,93.79,336.0,37.33,IPO,32.86,1
Unicommerce eSolutions,2024-08-13,2024,8,108,276.57,138.0,84.59,138.75,252.46,130.99,168.35,69.0,63.89,IPO,94.52,1
FirstCry,2024-08-13,2024,8,465,4193.73,32.0,-69.91,19.3,4.68,2.31,12.22,87.0,18.71,IPO,46.04,1
OLA Electric,2024-08-09,2024,8,76,6145.56,195.0,-17.69,5.53,2.51,4.05,4.45,-3.0,-3.95,IPO,20.0,1
Ceigall India,2024-08-08,2024,8,401,1252.66,37.0,20.67,31.26,14.83,3.82,14.01,17.5,4.36,IPO,-3.55,1
Sanstar,2024-07-26,2024,7,95,510.15,150.0,19.98,145.68,136.49,24.23,82.99,25.0,26.32,IPO,21.13,1
Bansal Wire,2024-07-10,2024,7,256,745.0,58.0,41.41,153.86,54.21,14.37,62.76,70.0,27.34,IPO,36.86,1
Emcure Pharma,2024-07-10,2024,7,1008,1952.03,14.0,34.55,191.24,49.32,7.36,67.87,300.0,29.76,IPO,34.84,1
Stanley Lifestyles,2024-06-28,2024,6,369,537.02,40.0,54.43,215.62,121.42,19.08,97.16,173.0,46.88,IPO,28.66,1
Ixigo,2024-06-18,2024,6,93,740.1,161.0,148.87,106.73,110.25,53.95,98.1,30.5,32.8,IPO,78.19,1
Aadhar Housing Finance,2024-05-15,2024,5,315,3000.0,47.0,22.8,76.42,17.33,2.58,26.76,43.0,13.65,IPO,4.59,1
TBO Tek,2024-05-15,2024,5,920,1550.81,16.0,64.58,125.51,50.6,25.72,86.69,300.0,32.61,IPO,52.86,1
Indegene,2024-05-13,2024,5,452,1841.76,33.0,37.78,192.72,55.91,7.86,70.3,275.0,60.84,IPO,26.31,1
JNK India,2024-04-30,2024,4,415,649.47,36.0,43.32,74.4,23.8,4.2,28.46,135.0,32.53,IPO,67.36,1
Bharti Hexacom,2024-04-12,2024,4,570,4275.0,26.0,51.89,48.57,10.52,2.83,29.88,140.0,24.56,IPO,42.68,1
SRM Contractors,2024-04-03,2024,4,210,130.2,70.0,18.76,59.59,214.94,46.97,86.57,70.0,33.33,IPO,7.62,1
Gopal Snacks,2024-03-14,2024,3,401,650.0,37.0,44.47,18.42,10.0,4.22,9.5,-25.0,-6.23,IPO,-9.55,1
JG Chemicals,2024-03-13,2024,3,221,251.19,67.0,16.25,32.33,47.92,18.03,28.52,5.0,2.26,IPO,-16.45,1
R K Swamy,2024-03-12,2024,3,288,423.56,50.0,40.96,20.58,34.24,33.31,25.78,0.0,0.0,IPO,-8.59,1
Mukka Proteins,2024-03-07,2024,3,28,224.0,535.0,12.96,189.28,250.39,58.52,136.99,35.0,125.0,IPO,50.89,1
Exicom Tele-Systems,2024-03-05,2024,3,142,429.0,100.0,217.63,124.82,159.29,124.27,133.56,160.0,112.68,IPO,58.42,1
Platinum Industries,2024-03-05,2024,3,171,235.32,87.0,18.73,151.0,141.79,50.92,98.99,87.0,50.88,IPO,29.36,1
GPT Healthcare,2024-02-29,2024,2,186,525.14,80.0,38.1,17.3,11.02,2.44,8.52,17.0,9.14,IPO,7.9,1
Juniper Hotels,2024-02-28,2024,2,360,1800.0,40.0,,3.11,0.89,1.31,2.18,0.0,0.0,IPO,11.53,1
Rashi Peripherals,2024-02-14,2024,2,311,600.0,48.0,11.75,151.45,66.15,11.01,62.95,34.0,10.93,IPO,3.38,1
BLS E-Services,2024-02-06,2024,2,135,309.29,108.0,44.31,57.04,153.94,136.96,82.61,155.0,114.81,IPO,171.11,1
EPACK Durable,2024-01-30,2024,1,230,640.05,65.0,56.4,25.59,29.07,6.5,16.79,5.0,2.17,IPO,-9.74,1
Medi Assist Healthcare,2024-01-23,2024,1,418,1171.58,35.0,38.22,40.14,14.85,3.19,16.25,34.0,8.13,IPO,11.03,1
Innova Captab,2023-12-29,2023,12,448,570.0,33.0,31.64,75.06,41.08,8.62,34.56,32.0,7.14,IPO,20.85,1
Azad Engineering,2023-12-28,2023,12,524,740.0,28.0,292.74,179.64,90.24,24.51,83.04,195.0,37.21,IPO,29.29,1
RBZ Jewellers,2023-12-27,2023,12,100,100.0,150.0,13.77,13.43,9.27,24.74,16.86,0.0,0.0,IPO,5.0,1
Happy Forgings,2023-12-27,2023,12,850,1008.59,17.0,36.45,214.65,63.45,15.4,82.63,235.0,27.65,IPO,21.27,1
Motisons Jewellers,2023-12-26,2023,12,55,151.09,250.0,17.59,135.01,311.99,135.6,173.23,70.0,127.27,IPO,88.27,1
INOX India,2023-12-21,2023,12,660,1459.32,22.0,39.22,147.8,53.2,15.3,61.28,440.0,66.67,IPO,42.42,1
India Shelter Finance,2023-12-20,2023,12,493,1200.0,30.0,28.22,94.29,29.97,10.46,38.59,157.0,31.85,IPO,10.49,1
Flair Writing,2023-12-01,2023,12,304,593.0,49.0,23.36,122.02,35.23,13.73,49.28,150.0,49.34,IPO,48.32,1
Tata Technologies,2023-11-30,2023,11,500,3042.51,30.0,32.53,203.41,62.11,16.5,69.43,475.0,95.0,IPO,162.6,1
IREDA,2023-11-29,2023,11,32,2150.21,460.0,8.47,104.57,24.16,7.73,38.8,12.0,37.5,IPO,87.5,1
ASK Automotive,2023-11-15,2023,11,282,833.91,53.0,45.63,142.41,35.47,5.7,51.14,28.0,9.93,IPO,9.96,1
Cello World,2023-11-06,2023,11,648,1900.0,23.0,,122.2,25.65,3.21,41.69,160.0,24.69,IPO,22.18,1
Blue Jet Healthcare,2023-11-01,2023,11,346,840.27,43.0,37.49,13.72,13.59,2.24,7.95,22.0,6.36,IPO,19.48,1
Plaza Wires,2023-10-13,2023,10,54,71.28,277.0,21.95,42.84,388.09,374.81,160.97,23.0,42.59,IPO,48.52,1
Valiant Laboratories,2023-10-06,2023,10,140,152.46,105.0,15.71,20.83,73.64,16.06,29.76,20.0,14.29,IPO,21.61,1
Manoj Vaibhav Gems,2023-10-03,2023,10,215,270.2,69.0,11.74,1.08,5.4,1.73,2.33,0.0,0.0,IPO,0.23,1
Samhi Hotels,2023-09-22,2023,9,126,1370.1,119.0,,9.18,1.29,1.17,5.57,8.0,6.35,IPO,13.81,1
EMS Limited,2023-09-21,2023,9,211,321.25,70.0,,149.98,84.39,30.55,76.21,88.0,41.71,IPO,32.65,1
Rishabh Instruments,2023-09-11,2023,9,441,490.78,34.0,,72.54,31.29,8.44,31.65,61.0,13.83,IPO,0.49,1
Ratnaveer Precision Engineering,2023-09-11,2023,9,98,165.03,150.0,,133.05,135.21,54.0,93.99,52.0,53.06,IPO,31.99,1
Aeroflex Industries,2023-08-31,2023,8,108,351.0,130.0,40.91,194.73,126.13,34.41,97.11,71.0,65.74,IPO,51.16,1
Pyramid Technoplast,2023-08-29,2023,8,166,153.05,90.0,16.21,9.94,32.24,14.72,18.29,22.0,13.25,IPO,7.02,1
TVS Supply Chain,2023-08-23,2023,8,197,880.0,76.0,189.42,1.37,2.44,7.89,2.85,3.0,1.52,IPO,2.03,1
Concord Biotech,2023-08-18,2023,8,741,1550.52,20.0,32.29,67.67,16.99,3.78,24.87,122.0,16.46,IPO,27.23,1
SBFC Finance,2023-08-16,2023,8,57,1025.0,260.0,40.42,203.61,51.82,11.6,74.06,26.0,45.61,IPO,61.75,1
Yatharth Hospital,2023-08-07,2023,8,300,686.55,50.0,39.16,86.37,38.62,8.66,37.28,75.0,25.0,IPO,11.28,1
Senco Gold,2023-07-14,2023,7,317,405.0,47.0,15.53,190.56,68.44,16.28,77.25,103.0,32.49,IPO,27.85,1
Cyient DLM,2023-07-10,2023,7,265,592.0,56.0,66.25,95.87,47.75,52.17,71.35,135.0,50.94,IPO,58.72,1
IKIO Lighting,2023-06-16,2023,6,285,606.5,52.0,32.13,163.06,65.38,14.31,67.75,90.0,31.58,IPO,41.7,1
Mankind Pharma,2023-05-09,2023,5,1080,4326.36,13.0,32.5,49.16,3.8,0.92,15.32,121.0,11.2,IPO,31.69,1
Global Surfaces,2023-03-23,2023,3,140,154.98,100.0,21.84,8.95,33.1,5.12,12.21,18.0,12.86,IPO,22.18,1
Sah Polymers,2023-01-12,2023,1,65,66.3,230.0,33.51,2.4,32.69,39.78,17.46,10.0,15.38,IPO,37.31,1
Radiant Cash Management,2023-01-04,2023,1,99,256.64,150.0,17.34,0.16,0.03,0.13,0.12,6.0,6.06,IPO,5.96,1
Elin Electronics,2022-12-30,2022,12,247,475.0,60.0,29.69,4.51,3.29,2.2,3.09,4.0,1.62,IPO,-7.8,1
KFin Technologies,2022-12-29,2022,12,366,1500.0,40.0,35.92,4.17,0.23,1.36,2.59,-3.0,-0.82,IPO,-0.6,1
Abans Holdings,2022-12-23,2022,12,270,345.6,55.0,18.96,4.1,1.48,0.4,1.1,3.0,1.11,IPO,-19.1,1
Landmark Cars,2022-12-23,2022,12,506,552.0,29.0,27.61,8.71,1.32,0.59,3.06,-15.0,-2.96,IPO,-9.4,1
Sula Vineyards,2022-12-22,2022,12,357,960.35,42.0,49.24,4.13,1.51,1.65,2.33,-15.0,-4.2,IPO,-7.2,1
Dharmaj Crop Guard,2022-12-08,2022,12,237,251.09,60.0,14.55,48.21,52.29,21.53,35.49,38.0,16.03,IPO,12.4,1
Keystone Realtors,2022-11-24,2022,11,541,635.0,27.0,365.54,3.84,3.03,0.53,2.01,-5.0,-0.92,IPO,2.9,1
Inox Green Energy,2022-11-23,2022,11,65,740.0,230.0,-327.0,1.05,0.47,4.7,1.55,-1.0,-1.54,IPO,-9.1,1
Global Health,2022-11-16,2022,11,336,2205.57,44.0,38.36,28.64,4.02,0.88,9.58,30.0,8.93,IPO,23.6,1
DCX Systems,2022-11-11,2022,11,207,500.0,72.0,90.0,84.32,43.97,61.77,69.79,75.0,36.23,IPO,49.0,1
Tracxn Technologies,2022-10-20,2022,10,80,309.38,185.0,240.0,1.66,0.8,4.87,2.01,-1.0,-1.25,IPO,16.6,1
Tamilnad Mercantile Bank,2022-09-15,2022,9,510,807.84,28.0,9.22,1.62,2.94,6.48,2.86,14.0,2.67,IPO,-0.1,1
DreamFolks Services,2022-09-06,2022,9,326,562.1,46.0,104.82,70.53,37.66,43.66,56.68,148.0,45.4,IPO,41.8,1
Aether Industries,2022-06-03,2022,6,642,808.04,23.0,72.3,17.57,2.52,1.14,6.26,55.0,8.57,IPO,20.6,1
eMudhra,2022-06-01,2022,6,256,412.79,58.0,49.42,4.05,1.28,2.61,2.72,0.0,1.0,IPO,0.7,1
Ethos,2022-05-30,2022,5,878,402.26,17.0,96.0,1.06,1.48,0.84,1.04,-5.0,-0.57,IPO,-8.5,1
Paradeep Phosphates,2022-05-27,2022,5,42,1501.73,350.0,7.07,3.01,0.82,1.37,1.75,0.0,1.0,IPO,4.5,1
Delhivery,2022-05-24,2022,5,487,5235.0,30.0,-67.3,2.24,0.04,0.49,1.31,-10.0,-2.05,IPO,10.1,1
Prudent Corporate Advisory,2022-05-20,2022,5,630,428.28,23.0,33.94,1.26,0.99,1.29,1.22,18.0,2.86,IPO,-10.8,1
Campus Activewear,2022-05-09,2022,5,292,1399.77,51.0,78.49,152.04,22.25,7.68,51.75,40.0,13.7,IPO,29.8,1
Veranda Learning,2022-04-11,2022,4,137,200.0,100.0,,2.02,3.87,10.76,3.53,15.0,10.95,IPO,-4.2,1
Ruchi Soya,2022-04-08,2022,4,650,4300.0,21.0,30.86,2.2,11.75,0.9,3.6,140.0,21.54,IPO,42.1,1
Uma Exports,2022-04-07,2022,4,68,60.0,220.0,12.81,2.81,2.22,10.11,7.67,0.0,10.7,IPO,17.4,1
Vedant Fashions,2022-02-16,2022,2,866,3149.19,17.0,106.78,7.49,1.07,0.39,2.57,-12.0,-1.39,IPO,7.8,1
Adani Wilmar,2022-02-08,2022,2,230,3600.0,65.0,44.66,5.73,56.3,3.92,17.37,23.0,10.0,IPO,16.6,1
